{
	"miniprogramRoot": "miniprogram/",
	"cloudfunctionRoot": "cloudfunctions/",
	"setting": {
		"urlCheck": false,
		"es6": true,
		"enhance": true,
		"postcss": true,
		"preloadBackgroundData": false,
		"minified": true,
		"newFeature": true,
		"coverView": true,
		"nodeModules": false,
		"autoAudits": false,
		"showShadowRootInWxmlPanel": true,
		"scopeDataCheck": false,
		"uglifyFileName": false,
		"checkInvalidKey": true,
		"checkSiteMap": true,
		"uploadWithSourceMap": true,
		"babelSetting": {
			"ignore": [],
			"disablePlugins": [],
			"outputPath": ""
		},
		"useCompilerModule": true,
		"userConfirmedUseCompilerModuleSwitch": false,
		"compileHotReLoad": false,
		"useMultiFrameRuntime": false,
		"useApiHook": false,
		"useIsolateContext": true,
		"packNpmManually": false,
		"packNpmRelationList": []
	},
	"appid": "wxbab5275ba592258f",
	"projectname": "AZ",
	"libVersion": "2.10.4",
	"simulatorType": "wechat",
	"simulatorPluginLibVersion": {},
	"condition": {
		"search": {
			"current": -1,
			"list": []
		},
		"conversation": {
			"current": -1,
			"list": []
		},
		"plugin": {
			"current": -1,
			"list": []
		},
		"game": {
			"list": []
		},
		"gamePlugin": {
			"current": -1,
			"list": []
		},
		"miniprogram": {
			"current": 0,
			"list": [
				{
					"id": -1,
					"name": "db guide",
					"pathName": "pages/databaseGuide/databaseGuide",
					"query": ""
				},
				{
					"id": 1,
					"name": "pages/my/join",
					"pathName": "pages/my/join",
					"query": "doctorId=1",
					"scene": null
				},
				{
					"id": -1,
					"name": "pages/science/index",
					"pathName": "pages/science/index",
					"query": "",
					"scene": null
				},
				{
					"id": 3,
					"name": "pages/post/index",
					"pathName": "pages/post/index",
					"query": "",
					"scene": null
				},
				{
					"id": -1,
					"name": "pages/medicClock/index",
					"pathName": "pages/medicClock/index",
					"query": "",
					"scene": null
				},
				{
					"id": -1,
					"name": "pages/daka/daka",
					"pathName": "pages/daka/daka",
					"query": "",
					"scene": null
				},
				{
					"id": -1,
					"name": "pages/doctor/index",
					"pathName": "pages/doctor/index",
					"query": "",
					"scene": null
				},
				{
					"id": 7,
					"name": "pages/news/detail",
					"pathName": "pages/news/detail",
					"query": "",
					"scene": null
				},
				{
					"id": -1,
					"name": "pages/my/join",
					"pathName": "pages/my/join",
					"query": "",
					"scene": null
				}
			]
		}
	}
}